[{"model": "admin.logentry", "pk": 1, "fields": {"action_time": "2021-08-31T17:35:18.494Z", "user": 1, "content_type": 6, "object_id": "1", "object_repr": "Holiday Collage by Conor Hamill", "action_flag": 1, "change_message": "[{\"added\": {}}]"}}, {"model": "admin.logentry", "pk": 2, "fields": {"action_time": "2021-08-31T17:35:39.082Z", "user": 1, "content_type": 5, "object_id": "1", "object_repr": "Glassware", "action_flag": 1, "change_message": "[{\"added\": {}}]"}}, {"model": "admin.logentry", "pk": 3, "fields": {"action_time": "2021-08-31T17:36:00.996Z", "user": 1, "content_type": 5, "object_id": "2", "object_repr": "Prints", "action_flag": 1, "change_message": "[{\"added\": {}}]"}}, {"model": "admin.logentry", "pk": 4, "fields": {"action_time": "2021-08-31T17:36:11.781Z", "user": 1, "content_type": 5, "object_id": "3", "object_repr": "textiles", "action_flag": 1, "change_message": "[{\"added\": {}}]"}}, {"model": "admin.logentry", "pk": 5, "fields": {"action_time": "2021-08-31T17:36:28.991Z", "user": 1, "content_type": 5, "object_id": "4", "object_repr": "kitchen", "action_flag": 1, "change_message": "[{\"added\": {}}]"}}, {"model": "admin.logentry", "pk": 6, "fields": {"action_time": "2021-08-31T17:36:40.750Z", "user": 1, "content_type": 5, "object_id": "1", "object_repr": "glassware", "action_flag": 2, "change_message": "[{\"changed\": {\"fields\": [\"Name\", \"Friendly name\"]}}]"}}, {"model": "admin.logentry", "pk": 7, "fields": {"action_time": "2021-08-31T17:36:50.399Z", "user": 1, "content_type": 5, "object_id": "2", "object_repr": "prints", "action_flag": 2, "change_message": "[{\"changed\": {\"fields\": [\"Name\"]}}]"}}, {"model": "admin.logentry", "pk": 8, "fields": {"action_time": "2021-08-31T17:37:15.050Z", "user": 1, "content_type": 6, "object_id": "1", "object_repr": "Holiday Collage by Conor Hamill", "action_flag": 2, "change_message": "[{\"changed\": {\"fields\": [\"Category\"]}}]"}}, {"model": "admin.logentry", "pk": 9, "fields": {"action_time": "2021-08-31T17:37:55.107Z", "user": 1, "content_type": 6, "object_id": "2", "object_repr": "Fish & Fish 1-litre glass bottle", "action_flag": 1, "change_message": "[{\"added\": {}}]"}}, {"model": "admin.logentry", "pk": 10, "fields": {"action_time": "2021-08-31T17:38:26.901Z", "user": 1, "content_type": 6, "object_id": "3", "object_repr": "Faux Fur Rug", "action_flag": 1, "change_message": "[{\"added\": {}}]"}}, {"model": "admin.logentry", "pk": 11, "fields": {"action_time": "2021-08-31T17:38:59.651Z", "user": 1, "content_type": 6, "object_id": "4", "object_repr": "Wooden Cutlery from GreenCo", "action_flag": 1, "change_message": "[{\"added\": {}}]"}}, {"model": "admin.logentry", "pk": 12, "fields": {"action_time": "2021-08-31T17:39:32.098Z", "user": 1, "content_type": 6, "object_id": "2", "object_repr": "Fish & Fish 1-litre glass bottle", "action_flag": 2, "change_message": "[{\"changed\": {\"fields\": [\"Image\"]}}]"}}, {"model": "admin.logentry", "pk": 13, "fields": {"action_time": "2021-08-31T17:39:49.418Z", "user": 1, "content_type": 6, "object_id": "1", "object_repr": "Holiday Collage by Conor Hamill", "action_flag": 2, "change_message": "[{\"changed\": {\"fields\": [\"Image\"]}}]"}}, {"model": "admin.logentry", "pk": 14, "fields": {"action_time": "2021-08-31T18:29:33.861Z", "user": 1, "content_type": 12, "object_id": "2", "object_repr": "Fish & Fish 1-litre glass bottle", "action_flag": 3, "change_message": ""}}, {"model": "admin.logentry", "pk": 15, "fields": {"action_time": "2021-08-31T18:29:33.886Z", "user": 1, "content_type": 12, "object_id": "1", "object_repr": "Faux Fur Rug", "action_flag": 3, "change_message": ""}}, {"model": "admin.logentry", "pk": 16, "fields": {"action_time": "2021-08-31T18:31:23.357Z", "user": 1, "content_type": 3, "object_id": "1", "object_repr": "super2", "action_flag": 2, "change_message": "[{\"changed\": {\"fields\": [\"Email address\"]}}]"}}, {"model": "admin.logentry", "pk": 17, "fields": {"action_time": "2021-08-31T20:21:00.199Z", "user": 1, "content_type": 16, "object_id": "1", "object_repr": "raymondkeogh@gmail.com", "action_flag": 2, "change_message": "[{\"changed\": {\"fields\": [\"Verified\", \"Primary\"]}}]"}}, {"model": "admin.logentry", "pk": 18, "fields": {"action_time": "2021-09-07T14:26:43.837Z", "user": 1, "content_type": 3, "object_id": "2", "object_repr": "raymondkeogh@gmail.com", "action_flag": 1, "change_message": "[{\"added\": {}}]"}}, {"model": "admin.logentry", "pk": 19, "fields": {"action_time": "2021-09-07T14:29:43.422Z", "user": 1, "content_type": 3, "object_id": "2", "object_repr": "raymondkeogh@gmail.com", "action_flag": 3, "change_message": ""}}, {"model": "admin.logentry", "pk": 20, "fields": {"action_time": "2021-09-07T14:30:43.855Z", "user": 1, "content_type": 3, "object_id": "3", "object_repr": "rayk81", "action_flag": 1, "change_message": "[{\"added\": {}}]"}}, {"model": "admin.logentry", "pk": 21, "fields": {"action_time": "2021-09-07T14:30:50.234Z", "user": 1, "content_type": 3, "object_id": "3", "object_repr": "rayk81", "action_flag": 2, "change_message": "[]"}}, {"model": "admin.logentry", "pk": 22, "fields": {"action_time": "2021-09-07T14:31:39.516Z", "user": 1, "content_type": 3, "object_id": "3", "object_repr": "rayk81", "action_flag": 2, "change_message": "[{\"changed\": {\"fields\": [\"Email address\"]}}]"}}, {"model": "admin.logentry", "pk": 23, "fields": {"action_time": "2021-09-07T14:32:41.158Z", "user": 1, "content_type": 16, "object_id": "2", "object_repr": "raykay81@gmail.com", "action_flag": 2, "change_message": "[{\"changed\": {\"fields\": [\"Verified\", \"Primary\"]}}]"}}, {"model": "admin.logentry", "pk": 24, "fields": {"action_time": "2021-09-07T14:38:19.860Z", "user": 1, "content_type": 16, "object_id": "2", "object_repr": "raykay81@gmail.com", "action_flag": 3, "change_message": ""}}, {"model": "admin.logentry", "pk": 25, "fields": {"action_time": "2021-09-07T14:41:40.948Z", "user": 1, "content_type": 16, "object_id": "3", "object_repr": "steppingstonescloud@gmail.com", "action_flag": 2, "change_message": "[{\"changed\": {\"fields\": [\"Verified\"]}}]"}}, {"model": "admin.logentry", "pk": 26, "fields": {"action_time": "2021-09-07T17:50:30.380Z", "user": 1, "content_type": 16, "object_id": "4", "object_repr": "info@steppingstonesschool.ie", "action_flag": 2, "change_message": "[{\"changed\": {\"fields\": [\"Verified\"]}}]"}}, {"model": "admin.logentry", "pk": 27, "fields": {"action_time": "2021-09-09T11:52:46.752Z", "user": 1, "content_type": 21, "object_id": "1", "object_repr": "Looks great on teh table", "action_flag": 3, "change_message": ""}}, {"model": "admin.logentry", "pk": 28, "fields": {"action_time": "2021-09-10T16:43:09.541Z", "user": 1, "content_type": 16, "object_id": "5", "object_repr": "rayray@gmail.com", "action_flag": 2, "change_message": "[{\"changed\": {\"fields\": [\"Verified\"]}}]"}}, {"model": "admin.logentry", "pk": 29, "fields": {"action_time": "2021-09-13T16:45:21.323Z", "user": 1, "content_type": 3, "object_id": "6", "object_repr": "rayray", "action_flag": 3, "change_message": ""}}, {"model": "admin.logentry", "pk": 30, "fields": {"action_time": "2021-09-13T16:46:24.094Z", "user": 1, "content_type": 3, "object_id": "5", "object_repr": "purple", "action_flag": 3, "change_message": ""}}, {"model": "admin.logentry", "pk": 31, "fields": {"action_time": "2021-09-13T16:46:24.128Z", "user": 1, "content_type": 3, "object_id": "3", "object_repr": "rayk81", "action_flag": 3, "change_message": ""}}, {"model": "auth.user", "pk": 1, "fields": {"password": "pbkdf2_sha256$260000$xp5w9SFL6vatwAMLCt0gp3$M0dgVc3Qw3uQASY77U2r2+APQhsu/685dULzNm7kLsM=", "last_login": "2021-09-13T16:46:07.311Z", "is_superuser": true, "username": "super2", "first_name": "", "last_name": "", "email": "raymondkeogh@gmail.com", "is_staff": true, "is_active": true, "date_joined": "2021-08-31T17:32:54Z", "groups": [], "user_permissions": []}}, {"model": "auth.user", "pk": 4, "fields": {"password": "pbkdf2_sha256$260000$vEdgt0YuRlRe4y6DcGylOR$auwoaODBDmAf2YW+EjkIfAekqqQ7bQAQZJ6rZ511r2c=", "last_login": "2021-09-09T10:39:00.354Z", "is_superuser": false, "username": "steppers", "first_name": "", "last_name": "", "email": "steppingstonescloud@gmail.com", "is_staff": false, "is_active": true, "date_joined": "2021-09-07T14:41:08.453Z", "groups": [], "user_permissions": []}}, {"model": "sessions.session", "pk": "282i17fpcz7qfcdemp4prnvja4nrwp8n", "fields": {"session_data": ".eJxVjEEOwiAQRe8ya0OYAi126d4zkAGmFjVgSptojHe3Tbrp9r_3_hdc5VpTyY7frzR9oJcncLTMo1sqTy5F6AHhsHkKD84biHfKtyJCyfOUvNgUsdMqriXy87K7h4OR6rjW2lspmW1rdLSkGjXQGSN1puOBJRpjY_AqtEgrGrxs0CqrsfUam8gY4PcHCag--w:1mPp68:Jd1Yg5gjkbEjiia7iC4VgwFKAq2M-XxMoRQsQbngd5Y", "expire_date": "2021-09-27T16:46:24.294Z"}}, {"model": "sessions.session", "pk": "aeedzhrtg2gi5tsqhnqphwgnhmwdpm4m", "fields": {"session_data": ".eJxVjMsOwiAQRf-FtSE8hke7dO83EBgmFjVgSptojP-uTbrQ7T3nnhcLcV2msHaaQ8lsZMAOv1uKeKW6gXyJ9dw4trrMJfFN4Tvt_NQy3Y67-xeYYp--b6uNB--ti1aJAbOkgQZnTdLKkDOgEFEqrw1oIXWKgB7AofbRg5Mgtmin3kurgR73Mj_ZKN4fMeE9bg:1mNjA7:G7m4FkTTxiJYVz_pfQTB6GdaMV-VDnh9V8FligYnYSo", "expire_date": "2021-09-21T22:01:51.787Z"}}, {"model": "sessions.session", "pk": "cotkjmrtwzvnmwrckxcjcstuf9gtpy1l", "fields": {"session_data": "eyJzYXZlX2luZm8iOmZhbHNlLCJiYXNrZXQiOnsiNiI6MiwiMyI6M319:1mP8AW:6K3aEVAbV1G5479BuYjIPoxnojCzyZSv7jyaiWRUSvk", "expire_date": "2021-09-25T18:56:04.531Z"}}, {"model": "sessions.session", "pk": "d6lv18psgggm8o4gmi1fpx9leuiqqqjh", "fields": {"session_data": ".eJxVjEEOwiAQRe_C2hCmQItduvcMZGCmFjVgSptojHe3TbrQ7X_vv7fwuMyjXypPPpHoBYjD7xYw3jhvgK6YL0XGkucpBbkpcqdVngvx_bS7f4ER67i-TXBKMbvWGnKoGz3gEQg72_HACqx1FIOOLeCKhqAacNoZaIOBhhjiFq1cayrZ8_ORppfo1ecLhes--w:1mOIbm:GozW3LA0G2cFCshvgKP9Gm2wyZD_xL3RgZYm2G4-rwU", "expire_date": "2021-09-23T11:52:46.904Z"}}, {"model": "sessions.session", "pk": "ddxdeh2a1k9og2aa08sy6247ubswo0tr", "fields": {"session_data": ".eJxVjDsOwjAQBe-ydRTF8foTl_ScwVo7CzEgG8UJAiHuDpEooH0zb57gaV0mv1aefRrBAULzuwWKZ84bGE-Uj6WNJS9zCu2mtF9a230Z-bL7un-Bier0eWupLFqrDem-G-IoeODBaBVkr9go7GOMordSoeyEDITRIpooLVk0ArstWrnWVLLn-zXND3BdA5Vu7FM-FHDLvHIDgeqZF3BP0ODE6_UGII1Ikw:1mP7cf:0VtXdXIpLdmcC86up1qJuuJ1pmJ5V2lf-2HkpDFY7VY", "expire_date": "2021-09-25T18:21:05.131Z"}}, {"model": "sessions.session", "pk": "p4c51iqsj1fqjhu5uc2vdohi8x9iwg3g", "fields": {"session_data": ".eJxVjMsOwiAQRf-FtSE8WpAu3fsNZIAZixowpTUa479rky50e8-558U8LPPol4aTz4kNzLDd7xYgXrCsIJ2hnCqPtcxTDnxV-EYbP9aE18Pm_gVGaOP3LcmZ2Pepc2SVMSCk6oBMtBStEhRJo9NdUtJqUuAEakkpRO2C3aPWco02bC3X4vFxy9OTDWLHGtzR50KVDfO04PsD7LxFPg:1mOjjc:qQOiOndw_Z6yUTViWh4gyOxy1XUuuiI0YExmYl1uxlw", "expire_date": "2021-09-24T16:50:40.562Z"}}, {"model": "sessions.session", "pk": "scvedo2d8ggn1arc23xz212omtbveobj", "fields": {"session_data": "eyJzYXZlX2luZm8iOmZhbHNlfQ:1mLsUx:2T2Ft2yMXztNrjS6N0QtMxEPSmCCe8xFd3CpjVycGN4", "expire_date": "2021-09-16T19:35:43.376Z"}}, {"model": "sites.site", "pk": 1, "fields": {"domain": "example.com", "name": "example.com"}}, {"model": "account.emailaddress", "pk": 1, "fields": {"user": 1, "email": "raymondkeogh@gmail.com", "verified": true, "primary": true}}, {"model": "account.emailaddress", "pk": 3, "fields": {"user": 4, "email": "steppingstonescloud@gmail.com", "verified": true, "primary": true}}, {"model": "products.category", "pk": 1, "fields": {"name": "glassware", "friendly_name": "Glassware"}}, {"model": "products.category", "pk": 2, "fields": {"name": "prints", "friendly_name": "Prints"}}, {"model": "products.category", "pk": 3, "fields": {"name": "textiles", "friendly_name": "Textiles"}}, {"model": "products.category", "pk": 4, "fields": {"name": "kitchen", "friendly_name": "Kitchen"}}, {"model": "products.product", "pk": 1, "fields": {"category": 2, "sku": null, "name": "Holiday Collage by Conor Hamill", "description": "Test", "price": "40.99", "rating": null, "image_url": null, "image": "image/upload/v1630431588/lztwfkm1whkyudir9oli.png"}}, {"model": "products.product", "pk": 2, "fields": {"category": 1, "sku": null, "name": "Fish & Fish 1-litre glass bottle", "description": "Glass bottle", "price": "44.55", "rating": null, "image_url": null, "image": "image/upload/v1630431571/hvpt1jmqop3gqisdqpbw.webp"}}, {"model": "products.product", "pk": 3, "fields": {"category": 3, "sku": null, "name": "Faux Fur Rug", "description": "fur rug", "price": "444.44", "rating": null, "image_url": null, "image": "image/upload/v1631033091/guecwftkc3nniaf1s3kp.jpg"}}, {"model": "products.product", "pk": 4, "fields": {"category": 4, "sku": null, "name": "Wooden Cutlery from GreenCo", "description": "wooden", "price": "44.00", "rating": null, "image_url": null, "image": "image/upload/v1630431539/wbjymd0hjx3dyzvmnpdi.jpg"}}, {"model": "products.product", "pk": 5, "fields": {"category": 1, "sku": null, "name": "Tumblers", "description": "nice tumblerss", "price": "66.00", "rating": null, "image_url": null, "image": "image/upload/v1630431707/c2ett0qgwnhg3uinlz1y.png"}}, {"model": "products.product", "pk": 6, "fields": {"category": 1, "sku": null, "name": "Chemex Classic Glass Coffee Jug", "description": "Coffee jug by chemex", "price": "66.00", "rating": "55.00", "image_url": null, "image": "image/upload/v1630431762/dnypuji1ernq2ummtznw.png"}}, {"model": "products.product", "pk": 7, "fields": {"category": 1, "sku": null, "name": "Tooarts Glass Sculpture", "description": "Fish glass scuptor, handmade in Dingle", "price": "55.00", "rating": null, "image_url": null, "image": "image/upload/v1630443339/zper0ljxi7csmjk203ds.jpg"}}, {"model": "products.product", "pk": 8, "fields": {"category": 4, "sku": null, "name": "Handmade Ceramic Vases", "description": "In multiple colours", "price": "88.00", "rating": null, "image_url": null, "image": "image/upload/v1630443410/ed70wm5bepdqp2x0fyms.jpg"}}, {"model": "products.product", "pk": 9, "fields": {"category": 2, "sku": null, "name": "Holiday Collage by Conor Hamill", "description": "another one", "price": "88.00", "rating": null, "image_url": null, "image": "image/upload/v1630443488/ffbrudddtuhkrtfxofeh.png"}}, {"model": "checkout.order", "pk": 1, "fields": {"order_number": "3C42565C9AA44B55949CACA59F9A8B6A", "customer_account": null, "purchase_history": null, "full_name": "Raymond Keogh", "email": "raymondkeogh@gmail.com", "phone_number": "+353874117523", "country": "Ireland", "postcode": "D07 H7F3", "town_or_city": "Dublin", "street_address1": "41 St Peter's Road, Phibsborough, Phibsborough, Phibsborough, Phibsborough, Phib", "street_address2": "Phibsborough", "county": "Dublin", "date": "2021-08-31T17:43:51.684Z", "delivery_cost": "10.70", "order_total": "106.99", "grand_total": "117.69"}}, {"model": "checkout.order", "pk": 2, "fields": {"order_number": "64AAD192A721421DB1AB557D2E1FD0E3", "customer_account": null, "purchase_history": null, "full_name": "Raymond Keogh", "email": "raymondkeogh@gmail.com", "phone_number": "+353874117523", "country": "Ireland", "postcode": "D07 H7F3", "town_or_city": "Dublin", "street_address1": "41 St Peter's Road, Phibsborough, Phibsborough, Phibsborough, Phibsborough, Phib", "street_address2": "Phibsborough", "county": "Dublin", "date": "2021-08-31T17:49:53.895Z", "delivery_cost": "10.70", "order_total": "106.99", "grand_total": "117.69"}}, {"model": "checkout.order", "pk": 3, "fields": {"order_number": "12922D476C4E4D0C882702722B07843E", "customer_account": null, "purchase_history": null, "full_name": "Raymond Keogh", "email": "raymondkeogh@gmail.com", "phone_number": "+353874117523", "country": "Ireland", "postcode": "D07 H7F3", "town_or_city": "Dublin", "street_address1": "41 St Peter's Road, Phibsborough, Phibsborough, Phibsborough, Phibsborough, Phib", "street_address2": "Phibsborough", "county": "Dublin", "date": "2021-08-31T17:51:31.726Z", "delivery_cost": "10.70", "order_total": "106.99", "grand_total": "117.69"}}, {"model": "checkout.order", "pk": 4, "fields": {"order_number": "355387429B084EE2A639CB1C7419B34D", "customer_account": null, "purchase_history": null, "full_name": "Raymond Keogh", "email": "raymondkeogh@gmail.com", "phone_number": "+353874117523", "country": "Ireland", "postcode": "D07 H7F3", "town_or_city": "Dublin", "street_address1": "41 St Peter's Road, Phibsborough, Phibsborough, Phibsborough, Phibsborough, Phib", "street_address2": "Phibsborough", "county": "Dublin", "date": "2021-08-31T17:57:58.531Z", "delivery_cost": "13.01", "order_total": "130.09", "grand_total": "143.10"}}, {"model": "checkout.order", "pk": 5, "fields": {"order_number": "01D5C8A255BC4FB592FC67A21169F54D", "customer_account": null, "purchase_history": null, "full_name": "Raymond Keogh", "email": "raymondkeogh@gmail.com", "phone_number": "+353874117523", "country": "Ireland", "postcode": "D07 H7F3", "town_or_city": "Dublin", "street_address1": "41 St Peter's Road, Phibsborough, Phibsborough, Phibsborough, Phibsborough, Phib", "street_address2": "Phibsborough", "county": "Dublin", "date": "2021-08-31T18:06:15.285Z", "delivery_cost": "55.50", "order_total": "554.99", "grand_total": "610.49"}}, {"model": "checkout.order", "pk": 6, "fields": {"order_number": "6F3DCCE9D6C4469DAAE76C5EB42EC742", "customer_account": null, "purchase_history": null, "full_name": "Raymond Keogh", "email": "raymondkeogh@gmail.com", "phone_number": "+353874117523", "country": "Ireland", "postcode": "D07 H7F3", "town_or_city": "Dublin", "street_address1": "41 St Peter's Road, Phibsborough, Phibsborough, Phibsborough, Phibsborough, Phib", "street_address2": "Phibsborough", "county": "Dublin", "date": "2021-08-31T18:11:32.472Z", "delivery_cost": "55.50", "order_total": "554.99", "grand_total": "610.49"}}, {"model": "checkout.order", "pk": 7, "fields": {"order_number": "B73C4B6D884C4022BCBAB56046F644CB", "customer_account": null, "purchase_history": null, "full_name": "Raymond Keogh", "email": "raymondkeogh@gmail.com", "phone_number": "+353874117523", "country": "Ireland", "postcode": "D07 H7F3", "town_or_city": "Dublin", "street_address1": "41 St Peter's Road, Phibsborough, Phibsborough, Phibsborough, Phibsborough, Phib", "street_address2": "Phibsborough", "county": "Dublin", "date": "2021-08-31T18:14:48.404Z", "delivery_cost": "55.50", "order_total": "554.99", "grand_total": "610.49"}}, {"model": "checkout.order", "pk": 8, "fields": {"order_number": "1A7E726E6F2742AE8A0E66F12DC8CEBB", "customer_account": null, "purchase_history": null, "full_name": "Raymond Keogh", "email": "raymondkeogh@gmail.com", "phone_number": "+353874117523", "country": "Ireland", "postcode": "D07 H7F3", "town_or_city": "Dublin", "street_address1": "41 St Peter's Road, Phibsborough, Phibsborough, Phibsborough, Phibsborough, Phib", "street_address2": "Phibsborough", "county": "Dublin", "date": "2021-08-31T18:16:00.393Z", "delivery_cost": "55.50", "order_total": "554.99", "grand_total": "610.49"}}, {"model": "checkout.order", "pk": 9, "fields": {"order_number": "FB0BB333E26449838B5C22EDA0C3828C", "customer_account": null, "purchase_history": 3, "full_name": "Raymond Keogh", "email": "raymondkeogh@gmail.com", "phone_number": "+353874117523", "country": "Ireland", "postcode": "D07 H7F3", "town_or_city": "Dublin", "street_address1": "41 St Peter's Road, Phibsborough, Phibsborough, Phibsborough, Phibsborough, Phib", "street_address2": "Phibsborough", "county": "Dublin", "date": "2021-08-31T18:18:49.908Z", "delivery_cost": "55.50", "order_total": "554.99", "grand_total": "610.49"}}, {"model": "checkout.order", "pk": 10, "fields": {"order_number": "16F614B3BECB4D198F9622D7A37220E8", "customer_account": null, "purchase_history": 3, "full_name": "Raymond Keogh", "email": "raymondkeogh@gmail.com", "phone_number": "+353874117523", "country": "Ireland", "postcode": "D07 H7F3", "town_or_city": "Dublin", "street_address1": "41 St Peter's Road, Phibsborough, Phibsborough, Phibsborough, Phibsborough, Phib", "street_address2": "Phibsborough", "county": "Dublin", "date": "2021-08-31T18:30:41.675Z", "delivery_cost": "26.15", "order_total": "261.54", "grand_total": "287.69"}}, {"model": "checkout.order", "pk": 11, "fields": {"order_number": "548F01E9BDB14344BB7CA41B09689115", "customer_account": null, "purchase_history": 9, "full_name": "Raymond Keogh", "email": "raymondkeogh@gmail.com", "phone_number": "+353874117523", "country": "Ireland", "postcode": "D07 H7F3", "town_or_city": "Dublin", "street_address1": "41 St Peter's Road, Phibsborough, Phibsborough, Phibsborough, Phibsborough, Phib", "street_address2": "Phibsborough", "county": "Dublin", "date": "2021-08-31T21:00:11.929Z", "delivery_cost": "33.00", "order_total": "330.00", "grand_total": "363.00"}}, {"model": "checkout.order", "pk": 12, "fields": {"order_number": "0CD9F1559D9D4F5C8CA5F7E2F2D864B9", "customer_account": null, "purchase_history": 5, "full_name": "Raymond Keogh", "email": "raymondkeogh@gmail.com", "phone_number": "+353874117523", "country": "Ireland", "postcode": "D07 H7F3", "town_or_city": "Dublin", "street_address1": "41 St Peter's Road, Phibsborough, Phibsborough, Phibsborough, Phibsborough, Phib", "street_address2": "Phibsborough", "county": "Dublin", "date": "2021-09-02T18:14:35.971Z", "delivery_cost": "53.00", "order_total": "529.98", "grand_total": "582.98"}}, {"model": "checkout.order", "pk": 13, "fields": {"order_number": "ED19B89DE01A495490FB86245CE04E7C", "customer_account": null, "purchase_history": 10, "full_name": "Raymond Keogh", "email": "raymondkeogh@gmail.com", "phone_number": "+353874117523", "country": "Ireland", "postcode": "D07 H7F3", "town_or_city": "Dublin", "street_address1": "41 St Peter's Road, Phibsborough, Phibsborough, Phibsborough, Phibsborough, Phib", "street_address2": "Phibsborough", "county": "Dublin", "date": "2021-09-02T18:32:05.731Z", "delivery_cost": "53.00", "order_total": "529.98", "grand_total": "582.98"}}, {"model": "checkout.order", "pk": 14, "fields": {"order_number": "1B179D429E814E98A8E812167DE74F8F", "customer_account": null, "purchase_history": 5, "full_name": "Raymond Keogh", "email": "raymondkeogh@gmail.com", "phone_number": "+353874117523", "country": "Ireland", "postcode": "D07 H7F3", "town_or_city": "Dublin", "street_address1": "41 St Peter's Road, Phibsborough, Phibsborough, Phibsborough, Phibsborough, Phib", "street_address2": "Phibsborough", "county": "Dublin", "date": "2021-09-02T18:42:50.470Z", "delivery_cost": "48.54", "order_total": "485.43", "grand_total": "533.97"}}, {"model": "checkout.order", "pk": 15, "fields": {"order_number": "15BF6666A7CE49C49CA770E331085776", "customer_account": null, "purchase_history": 5, "full_name": "Raymond Keogh", "email": "raymondkeogh@gmail.com", "phone_number": "+353874117523", "country": "Ireland", "postcode": "D07 H7F3", "town_or_city": "Dublin", "street_address1": "41 St Peter's Road, Phibsborough, Phibsborough, Phibsborough, Phibsborough, Phib", "street_address2": "Phibsborough", "county": "Dublin", "date": "2021-09-02T18:46:57.140Z", "delivery_cost": "12.65", "order_total": "126.53", "grand_total": "139.18"}}, {"model": "checkout.order", "pk": 16, "fields": {"order_number": "1DE642FA7D764D588B2137C43CBA7868", "customer_account": null, "purchase_history": 7, "full_name": "Raymond Keogh", "email": "raymondkeogh@gmail.com", "phone_number": "+353874117523", "country": "Ireland", "postcode": "D07 H7F3", "town_or_city": "Dublin", "street_address1": "41 St Peter's Road, Phibsborough, Phibsborough, Phibsborough, Phibsborough, Phib", "street_address2": "Phibsborough", "county": "Dublin", "date": "2021-09-02T18:48:41.429Z", "delivery_cost": "11.06", "order_total": "110.55", "grand_total": "121.60"}}, {"model": "checkout.order", "pk": 17, "fields": {"order_number": "4DA804406A4D44D7A025B5F37309DD7F", "customer_account": null, "purchase_history": null, "full_name": "Raymond Keogh", "email": "raymondkeogh@gmail.com", "phone_number": "+353874117523", "country": "Ireland", "postcode": "D07 H7F3", "town_or_city": "Dublin", "street_address1": "41 St Peter's Road, Phibsborough, Phibsborough, Phibsborough, Phibsborough, Phib", "street_address2": "Phibsborough", "county": "Dublin", "date": "2021-09-02T19:32:30.416Z", "delivery_cost": "19.86", "order_total": "198.55", "grand_total": "218.40"}}, {"model": "checkout.order", "pk": 18, "fields": {"order_number": "2479E3C164F94BF1B15950F5C39F1C0E", "customer_account": null, "purchase_history": 5, "full_name": "Raymond Keogh", "email": "raymondkeogh@gmail.com", "phone_number": "+353874117523", "country": "Ireland", "postcode": "D07 H7F3", "town_or_city": "Dublin", "street_address1": "41 St Peter's Road, Phibsborough, Phibsborough, Phibsborough, Phibsborough, Phib", "street_address2": "Phibsborough", "county": "Dublin", "date": "2021-09-02T19:33:24.464Z", "delivery_cost": "19.86", "order_total": "198.55", "grand_total": "218.40"}}, {"model": "checkout.order", "pk": 19, "fields": {"order_number": "1960C100ED2D40ECA3C3EEFF4E6E71DC", "customer_account": null, "purchase_history": 9, "full_name": "Raymond Keogh", "email": "raymondkeogh@gmail.com", "phone_number": "+353874117523", "country": "Ireland", "postcode": "D07 H7F3", "town_or_city": "Dublin", "street_address1": "41 St Peter's Road, Phibsborough, Phibsborough, Phibsborough, Phibsborough, Phib", "street_address2": "Phibsborough", "county": "Dublin", "date": "2021-09-02T19:35:42.894Z", "delivery_cost": "19.50", "order_total": "194.99", "grand_total": "214.49"}}, {"model": "checkout.order", "pk": 20, "fields": {"order_number": "032F84A693D746DE8ACCB3144C1E51A4", "customer_account": null, "purchase_history": null, "full_name": "Raymond Keogh", "email": "raymondkeogh@gmail.com", "phone_number": "+353874117523", "country": "Ireland", "postcode": "D07 H7F3", "town_or_city": "Dublin", "street_address1": "41 St Peter's Road, Phibsborough, Phibsborough, Phibsborough, Phibsborough, Phib", "street_address2": "Phibsborough", "county": "Dublin", "date": "2021-09-06T16:19:01.844Z", "delivery_cost": "15.15", "order_total": "151.54", "grand_total": "166.69"}}, {"model": "checkout.order", "pk": 21, "fields": {"order_number": "C4E9AA0177F547588C0CB1CAD77CEEF1", "customer_account": null, "purchase_history": null, "full_name": "Raymond Keogh", "email": "raymondkeogh@gmail.com", "phone_number": "+353874117523", "country": "Ireland", "postcode": "D07 H7F3", "town_or_city": "Dublin", "street_address1": "41 St Peter's Road, Phibsborough, Phibsborough, Phibsborough, Phibsborough, Phib", "street_address2": "Phibsborough", "county": "Dublin", "date": "2021-09-06T16:19:30.878Z", "delivery_cost": "15.15", "order_total": "151.54", "grand_total": "166.69"}}, {"model": "checkout.order", "pk": 22, "fields": {"order_number": "6CDC361A06B6473BB8C73390F10E3DD3", "customer_account": null, "purchase_history": null, "full_name": "Raymond Keogh", "email": "raymondkeogh@gmail.com", "phone_number": "+353874117523", "country": "Ireland", "postcode": "D07 H7F3", "town_or_city": "Dublin", "street_address1": "41 St Peter's Road, Phibsborough, Phibsborough, Phibsborough, Phibsborough, Phib", "street_address2": "Phibsborough", "county": "Dublin", "date": "2021-09-06T16:35:43.778Z", "delivery_cost": "15.15", "order_total": "151.54", "grand_total": "166.69"}}, {"model": "checkout.order", "pk": 23, "fields": {"order_number": "B9BF2A8DD122410C879E622ECA43A2ED", "customer_account": null, "purchase_history": 6, "full_name": "Raymond Keogh", "email": "raymondkeogh@gmail.com", "phone_number": "+353874117523", "country": "Ireland", "postcode": "D07 H7F3", "town_or_city": "Dublin", "street_address1": "41 St Peter's Road, Phibsborough, Phibsborough, Phibsborough, Phibsborough, Phib", "street_address2": "Phibsborough", "county": "Dublin", "date": "2021-09-06T18:14:27.741Z", "delivery_cost": "15.15", "order_total": "151.54", "grand_total": "166.69"}}, {"model": "checkout.order", "pk": 24, "fields": {"order_number": "8F2B59EE637F450BB940D2CE8CC1C472", "customer_account": null, "purchase_history": 7, "full_name": "Raymond Keogh", "email": "raymondkeogh@gmail.com", "phone_number": "+353874117523", "country": "Ireland", "postcode": "D07 H7F3", "town_or_city": "Dublin", "street_address1": "41 St Peter's Road, Phibsborough, Phibsborough, Phibsborough, Phibsborough, Phib", "street_address2": "Phibsborough", "county": "Dublin", "date": "2021-09-06T18:36:03.883Z", "delivery_cost": "8.55", "order_total": "85.54", "grand_total": "94.09"}}, {"model": "checkout.order", "pk": 25, "fields": {"order_number": "684A8015CD1242E68B72533944D5A5C9", "customer_account": 4, "purchase_history": 10, "full_name": "Raymond Keogh", "email": "raymondkeogh@gmail.com", "phone_number": "+353874117523", "country": "Ireland", "postcode": "D07 H7F3", "town_or_city": "Dublin", "street_address1": "41 St Peter's Road, Phibsborough, Phibsborough, Phibsborough, Phibsborough, Phib", "street_address2": "Phibsborough", "county": "Dublin", "date": "2021-09-07T15:39:14.904Z", "delivery_cost": "53.00", "order_total": "529.98", "grand_total": "582.98"}}, {"model": "checkout.order", "pk": 26, "fields": {"order_number": "17CD4BE6CAA84F6F8A94E3C1CEE28D38", "customer_account": 4, "purchase_history": 5, "full_name": "Raymond Keogh", "email": "raymondkeogh@gmail.com", "phone_number": "+353874117523", "country": "Ireland", "postcode": "D07 H7F3", "town_or_city": "Dublin", "street_address1": "41 St Peter's Road, Phibsborough, Phibsborough, Phibsborough, Phibsborough, Phib", "street_address2": "Phibsborough", "county": "Dublin", "date": "2021-09-07T16:12:17.476Z", "delivery_cost": "4.10", "order_total": "40.99", "grand_total": "45.09"}}, {"model": "checkout.order", "pk": 27, "fields": {"order_number": "6DEF6BA3949440D0846928BAD86F77E6", "customer_account": 4, "purchase_history": 10, "full_name": "Raymond Keogh", "email": "raymondkeogh@gmail.com", "phone_number": "+353874117523", "country": "Ireland", "postcode": "A83HT28", "town_or_city": "Meath", "street_address1": "Connellstown, Enfield, Enfield", "street_address2": "Enfield", "county": "Meath", "date": "2021-09-09T14:30:17.517Z", "delivery_cost": "44.44", "order_total": "444.44", "grand_total": "488.88"}}, {"model": "checkout.order", "pk": 28, "fields": {"order_number": "8CCCE3CA017342C2842E1C13A91BC33B", "customer_account": 4, "purchase_history": null, "full_name": "Raymond Keogh", "email": "raymondkeogh@gmail.com", "phone_number": "+353874117523", "country": "United Kingdom", "postcode": "BT36 4PE", "town_or_city": "Dublin", "street_address1": "1A McKinney Road,", "street_address2": "Phibsborough", "county": "Co Antrim", "date": "2021-09-09T17:08:35.209Z", "delivery_cost": "55.14", "order_total": "551.43", "grand_total": "606.57"}}, {"model": "checkout.order", "pk": 29, "fields": {"order_number": "C76157879DDE48628EF3F24141FD1DF7", "customer_account": 4, "purchase_history": 6, "full_name": "Raymond Keogh", "email": "raymondkeogh@gmail.com", "phone_number": "+353874117523", "country": "United Kingdom", "postcode": "BT36 4PE", "town_or_city": "Dublin", "street_address1": "1A McKinney Road,", "street_address2": "Phibsborough", "county": "Co Antrim", "date": "2021-09-09T17:13:03.622Z", "delivery_cost": "55.14", "order_total": "551.43", "grand_total": "606.57"}}, {"model": "checkout.order", "pk": 30, "fields": {"order_number": "53887AB715674B7A8DF50E0B7C554803", "customer_account": 4, "purchase_history": 5, "full_name": "Raymond Keogh", "email": "raymondkeogh@gmail.com", "phone_number": "+353874117523", "country": "Ireland", "postcode": "A83HT28", "town_or_city": "Meath", "street_address1": "Connellstown, Enfield, Enfield, Enfield", "street_address2": "Enfield", "county": "Meath", "date": "2021-09-10T09:33:11.429Z", "delivery_cost": "14.80", "order_total": "147.98", "grand_total": "162.78"}}, {"model": "checkout.order", "pk": 31, "fields": {"order_number": "53FC69959A5F4D6AAF48C95DB4F5E95C", "customer_account": null, "purchase_history": 5, "full_name": "Raymond Keogh", "email": "raymondkeogh@gmail.com", "phone_number": "+353874117523", "country": "Ireland", "postcode": "D07 H7F3", "town_or_city": "Dublin", "street_address1": "41 St Peter's Road, Phibsborough, Phibsborough, Phibsborough, Phibsborough, Phib", "street_address2": "Phibsborough", "county": "Dublin", "date": "2021-09-10T16:45:27.544Z", "delivery_cost": "68.40", "order_total": "683.98", "grand_total": "752.38"}}, {"model": "checkout.order", "pk": 32, "fields": {"order_number": "350F372CEE764E19A500B2954D056486", "customer_account": null, "purchase_history": 5, "full_name": "Raymond Keogh", "email": "raymondkeogh@gmail.com", "phone_number": "+353874117523", "country": "Ireland", "postcode": "D07 H7F3", "town_or_city": "Dublin", "street_address1": "41 St Peter's Road, Phibsborough, Phibsborough, Phibsborough, Phibsborough, Phib", "street_address2": "Phibsborough", "county": "Dublin", "date": "2021-09-11T18:53:37.333Z", "delivery_cost": "26.40", "order_total": "264.00", "grand_total": "290.40"}}, {"model": "checkout.orderlineitem", "pk": 1, "fields": {"order": 1, "product": 1, "quantity": 1, "lineitem_total": "40.99"}}, {"model": "checkout.orderlineitem", "pk": 2, "fields": {"order": 1, "product": 6, "quantity": 1, "lineitem_total": "66.00"}}, {"model": "checkout.orderlineitem", "pk": 3, "fields": {"order": 2, "product": 1, "quantity": 1, "lineitem_total": "40.99"}}, {"model": "checkout.orderlineitem", "pk": 4, "fields": {"order": 2, "product": 6, "quantity": 1, "lineitem_total": "66.00"}}, {"model": "checkout.orderlineitem", "pk": 5, "fields": {"order": 3, "product": 1, "quantity": 1, "lineitem_total": "40.99"}}, {"model": "checkout.orderlineitem", "pk": 6, "fields": {"order": 3, "product": 6, "quantity": 1, "lineitem_total": "66.00"}}, {"model": "checkout.orderlineitem", "pk": 7, "fields": {"order": 4, "product": 1, "quantity": 1, "lineitem_total": "40.99"}}, {"model": "checkout.orderlineitem", "pk": 8, "fields": {"order": 4, "product": 2, "quantity": 2, "lineitem_total": "89.10"}}, {"model": "checkout.orderlineitem", "pk": 9, "fields": {"order": 5, "product": 3, "quantity": 1, "lineitem_total": "444.44"}}, {"model": "checkout.orderlineitem", "pk": 10, "fields": {"order": 5, "product": 2, "quantity": 1, "lineitem_total": "44.55"}}, {"model": "checkout.orderlineitem", "pk": 11, "fields": {"order": 5, "product": 5, "quantity": 1, "lineitem_total": "66.00"}}, {"model": "checkout.orderlineitem", "pk": 12, "fields": {"order": 6, "product": 3, "quantity": 1, "lineitem_total": "444.44"}}, {"model": "checkout.orderlineitem", "pk": 13, "fields": {"order": 6, "product": 2, "quantity": 1, "lineitem_total": "44.55"}}, {"model": "checkout.orderlineitem", "pk": 14, "fields": {"order": 6, "product": 5, "quantity": 1, "lineitem_total": "66.00"}}, {"model": "checkout.orderlineitem", "pk": 15, "fields": {"order": 7, "product": 3, "quantity": 1, "lineitem_total": "444.44"}}, {"model": "checkout.orderlineitem", "pk": 16, "fields": {"order": 7, "product": 2, "quantity": 1, "lineitem_total": "44.55"}}, {"model": "checkout.orderlineitem", "pk": 17, "fields": {"order": 7, "product": 5, "quantity": 1, "lineitem_total": "66.00"}}, {"model": "checkout.orderlineitem", "pk": 18, "fields": {"order": 8, "product": 3, "quantity": 1, "lineitem_total": "444.44"}}, {"model": "checkout.orderlineitem", "pk": 19, "fields": {"order": 8, "product": 2, "quantity": 1, "lineitem_total": "44.55"}}, {"model": "checkout.orderlineitem", "pk": 20, "fields": {"order": 8, "product": 5, "quantity": 1, "lineitem_total": "66.00"}}, {"model": "checkout.orderlineitem", "pk": 21, "fields": {"order": 9, "product": 3, "quantity": 1, "lineitem_total": "444.44"}}, {"model": "checkout.orderlineitem", "pk": 22, "fields": {"order": 9, "product": 2, "quantity": 1, "lineitem_total": "44.55"}}, {"model": "checkout.orderlineitem", "pk": 23, "fields": {"order": 9, "product": 5, "quantity": 1, "lineitem_total": "66.00"}}, {"model": "checkout.orderlineitem", "pk": 24, "fields": {"order": 10, "product": 4, "quantity": 1, "lineitem_total": "44.00"}}, {"model": "checkout.orderlineitem", "pk": 25, "fields": {"order": 10, "product": 1, "quantity": 1, "lineitem_total": "40.99"}}, {"model": "checkout.orderlineitem", "pk": 26, "fields": {"order": 10, "product": 6, "quantity": 1, "lineitem_total": "66.00"}}, {"model": "checkout.orderlineitem", "pk": 27, "fields": {"order": 10, "product": 2, "quantity": 1, "lineitem_total": "44.55"}}, {"model": "checkout.orderlineitem", "pk": 28, "fields": {"order": 10, "product": 5, "quantity": 1, "lineitem_total": "66.00"}}, {"model": "checkout.orderlineitem", "pk": 29, "fields": {"order": 11, "product": 7, "quantity": 2, "lineitem_total": "110.00"}}, {"model": "checkout.orderlineitem", "pk": 30, "fields": {"order": 11, "product": 9, "quantity": 1, "lineitem_total": "88.00"}}, {"model": "checkout.orderlineitem", "pk": 31, "fields": {"order": 11, "product": 4, "quantity": 1, "lineitem_total": "44.00"}}, {"model": "checkout.orderlineitem", "pk": 32, "fields": {"order": 11, "product": 8, "quantity": 1, "lineitem_total": "88.00"}}, {"model": "checkout.orderlineitem", "pk": 33, "fields": {"order": 12, "product": 3, "quantity": 1, "lineitem_total": "444.44"}}, {"model": "checkout.orderlineitem", "pk": 34, "fields": {"order": 12, "product": 2, "quantity": 1, "lineitem_total": "44.55"}}, {"model": "checkout.orderlineitem", "pk": 35, "fields": {"order": 12, "product": 1, "quantity": 1, "lineitem_total": "40.99"}}, {"model": "checkout.orderlineitem", "pk": 36, "fields": {"order": 13, "product": 1, "quantity": 1, "lineitem_total": "40.99"}}, {"model": "checkout.orderlineitem", "pk": 37, "fields": {"order": 13, "product": 2, "quantity": 1, "lineitem_total": "44.55"}}, {"model": "checkout.orderlineitem", "pk": 38, "fields": {"order": 13, "product": 3, "quantity": 1, "lineitem_total": "444.44"}}, {"model": "checkout.orderlineitem", "pk": 39, "fields": {"order": 14, "product": 3, "quantity": 1, "lineitem_total": "444.44"}}, {"model": "checkout.orderlineitem", "pk": 40, "fields": {"order": 14, "product": 1, "quantity": 1, "lineitem_total": "40.99"}}, {"model": "checkout.orderlineitem", "pk": 41, "fields": {"order": 15, "product": 2, "quantity": 1, "lineitem_total": "44.55"}}, {"model": "checkout.orderlineitem", "pk": 42, "fields": {"order": 15, "product": 1, "quantity": 2, "lineitem_total": "81.98"}}, {"model": "checkout.orderlineitem", "pk": 43, "fields": {"order": 16, "product": 6, "quantity": 1, "lineitem_total": "66.00"}}, {"model": "checkout.orderlineitem", "pk": 44, "fields": {"order": 16, "product": 2, "quantity": 1, "lineitem_total": "44.55"}}, {"model": "checkout.orderlineitem", "pk": 45, "fields": {"order": 17, "product": 2, "quantity": 1, "lineitem_total": "44.55"}}, {"model": "checkout.orderlineitem", "pk": 46, "fields": {"order": 17, "product": 6, "quantity": 1, "lineitem_total": "66.00"}}, {"model": "checkout.orderlineitem", "pk": 47, "fields": {"order": 17, "product": 9, "quantity": 1, "lineitem_total": "88.00"}}, {"model": "checkout.orderlineitem", "pk": 48, "fields": {"order": 18, "product": 2, "quantity": 1, "lineitem_total": "44.55"}}, {"model": "checkout.orderlineitem", "pk": 49, "fields": {"order": 18, "product": 6, "quantity": 1, "lineitem_total": "66.00"}}, {"model": "checkout.orderlineitem", "pk": 50, "fields": {"order": 18, "product": 9, "quantity": 1, "lineitem_total": "88.00"}}, {"model": "checkout.orderlineitem", "pk": 51, "fields": {"order": 19, "product": 6, "quantity": 1, "lineitem_total": "66.00"}}, {"model": "checkout.orderlineitem", "pk": 52, "fields": {"order": 19, "product": 1, "quantity": 1, "lineitem_total": "40.99"}}, {"model": "checkout.orderlineitem", "pk": 53, "fields": {"order": 19, "product": 8, "quantity": 1, "lineitem_total": "88.00"}}, {"model": "checkout.orderlineitem", "pk": 54, "fields": {"order": 20, "product": 2, "quantity": 1, "lineitem_total": "44.55"}}, {"model": "checkout.orderlineitem", "pk": 55, "fields": {"order": 20, "product": 1, "quantity": 1, "lineitem_total": "40.99"}}, {"model": "checkout.orderlineitem", "pk": 56, "fields": {"order": 20, "product": 6, "quantity": 1, "lineitem_total": "66.00"}}, {"model": "checkout.orderlineitem", "pk": 57, "fields": {"order": 21, "product": 2, "quantity": 1, "lineitem_total": "44.55"}}, {"model": "checkout.orderlineitem", "pk": 58, "fields": {"order": 21, "product": 1, "quantity": 1, "lineitem_total": "40.99"}}, {"model": "checkout.orderlineitem", "pk": 59, "fields": {"order": 21, "product": 6, "quantity": 1, "lineitem_total": "66.00"}}, {"model": "checkout.orderlineitem", "pk": 60, "fields": {"order": 22, "product": 2, "quantity": 1, "lineitem_total": "44.55"}}, {"model": "checkout.orderlineitem", "pk": 61, "fields": {"order": 22, "product": 1, "quantity": 1, "lineitem_total": "40.99"}}, {"model": "checkout.orderlineitem", "pk": 62, "fields": {"order": 22, "product": 6, "quantity": 1, "lineitem_total": "66.00"}}, {"model": "checkout.orderlineitem", "pk": 63, "fields": {"order": 23, "product": 2, "quantity": 1, "lineitem_total": "44.55"}}, {"model": "checkout.orderlineitem", "pk": 64, "fields": {"order": 23, "product": 1, "quantity": 1, "lineitem_total": "40.99"}}, {"model": "checkout.orderlineitem", "pk": 65, "fields": {"order": 23, "product": 6, "quantity": 1, "lineitem_total": "66.00"}}, {"model": "checkout.orderlineitem", "pk": 66, "fields": {"order": 24, "product": 1, "quantity": 1, "lineitem_total": "40.99"}}, {"model": "checkout.orderlineitem", "pk": 67, "fields": {"order": 24, "product": 2, "quantity": 1, "lineitem_total": "44.55"}}, {"model": "checkout.orderlineitem", "pk": 68, "fields": {"order": 25, "product": 2, "quantity": 1, "lineitem_total": "44.55"}}, {"model": "checkout.orderlineitem", "pk": 69, "fields": {"order": 25, "product": 1, "quantity": 1, "lineitem_total": "40.99"}}, {"model": "checkout.orderlineitem", "pk": 70, "fields": {"order": 25, "product": 3, "quantity": 1, "lineitem_total": "444.44"}}, {"model": "checkout.orderlineitem", "pk": 71, "fields": {"order": 26, "product": 1, "quantity": 1, "lineitem_total": "40.99"}}, {"model": "checkout.orderlineitem", "pk": 72, "fields": {"order": 27, "product": 3, "quantity": 1, "lineitem_total": "444.44"}}, {"model": "checkout.orderlineitem", "pk": 73, "fields": {"order": 28, "product": 1, "quantity": 1, "lineitem_total": "40.99"}}, {"model": "checkout.orderlineitem", "pk": 74, "fields": {"order": 28, "product": 3, "quantity": 1, "lineitem_total": "444.44"}}, {"model": "checkout.orderlineitem", "pk": 75, "fields": {"order": 28, "product": 6, "quantity": 1, "lineitem_total": "66.00"}}, {"model": "checkout.orderlineitem", "pk": 76, "fields": {"order": 29, "product": 1, "quantity": 1, "lineitem_total": "40.99"}}, {"model": "checkout.orderlineitem", "pk": 77, "fields": {"order": 29, "product": 3, "quantity": 1, "lineitem_total": "444.44"}}, {"model": "checkout.orderlineitem", "pk": 78, "fields": {"order": 29, "product": 6, "quantity": 1, "lineitem_total": "66.00"}}, {"model": "checkout.orderlineitem", "pk": 79, "fields": {"order": 30, "product": 6, "quantity": 1, "lineitem_total": "66.00"}}, {"model": "checkout.orderlineitem", "pk": 80, "fields": {"order": 30, "product": 1, "quantity": 2, "lineitem_total": "81.98"}}, {"model": "checkout.orderlineitem", "pk": 81, "fields": {"order": 31, "product": 2, "quantity": 1, "lineitem_total": "44.55"}}, {"model": "checkout.orderlineitem", "pk": 82, "fields": {"order": 31, "product": 6, "quantity": 1, "lineitem_total": "66.00"}}, {"model": "checkout.orderlineitem", "pk": 83, "fields": {"order": 31, "product": 3, "quantity": 1, "lineitem_total": "444.44"}}, {"model": "checkout.orderlineitem", "pk": 84, "fields": {"order": 31, "product": 9, "quantity": 1, "lineitem_total": "88.00"}}, {"model": "checkout.orderlineitem", "pk": 85, "fields": {"order": 31, "product": 1, "quantity": 1, "lineitem_total": "40.99"}}, {"model": "checkout.orderlineitem", "pk": 86, "fields": {"order": 32, "product": 9, "quantity": 3, "lineitem_total": "264.00"}}, {"model": "customer_account.customeraccount", "pk": 1, "fields": {"user": 1, "full_name": null, "phone_number": null, "street_address1": null, "street_address2": null, "town_or_city": null, "county": null, "country": null, "postcode": null}}, {"model": "customer_account.customeraccount", "pk": 4, "fields": {"user": 4, "full_name": null, "phone_number": "+353874117523", "street_address1": "Connellstown, Enfield, Enfield, Enfield", "street_address2": "Enfield", "town_or_city": "Meath", "county": "Meath", "country": "Ireland", "postcode": "A83HT28"}}, {"model": "product_health.productactivity", "pk": 1, "fields": {"name": 5, "view_count": 20, "viewed_on": "2021-09-12T17:09:47.354Z"}}, {"model": "product_health.productactivity", "pk": 2, "fields": {"name": 6, "view_count": 120, "viewed_on": "2021-09-12T17:09:51.825Z"}}, {"model": "product_health.productactivity", "pk": 3, "fields": {"name": 1, "view_count": 372, "viewed_on": "2021-09-12T17:09:55.237Z"}}, {"model": "product_health.productactivity", "pk": 4, "fields": {"name": 2, "view_count": 99, "viewed_on": "2021-09-12T10:20:09.034Z"}}, {"model": "product_health.productactivity", "pk": 5, "fields": {"name": 3, "view_count": 157, "viewed_on": "2021-09-12T17:14:50.867Z"}}, {"model": "product_health.productactivity", "pk": 6, "fields": {"name": 4, "view_count": 32, "viewed_on": "2021-09-09T22:01:31.693Z"}}, {"model": "product_health.productactivity", "pk": 7, "fields": {"name": 7, "view_count": 17, "viewed_on": "2021-09-12T16:51:57.000Z"}}, {"model": "product_health.productactivity", "pk": 8, "fields": {"name": 8, "view_count": 66, "viewed_on": "2021-09-10T09:13:47.405Z"}}, {"model": "product_health.purchasehistory", "pk": 3, "fields": {"name": 5}}, {"model": "product_health.purchasehistory", "pk": 4, "fields": {"name": 4}}, {"model": "product_health.purchasehistory", "pk": 5, "fields": {"name": 1}}, {"model": "product_health.purchasehistory", "pk": 6, "fields": {"name": 6}}, {"model": "product_health.purchasehistory", "pk": 7, "fields": {"name": 2}}, {"model": "product_health.purchasehistory", "pk": 8, "fields": {"name": 7}}, {"model": "product_health.purchasehistory", "pk": 9, "fields": {"name": 8}}, {"model": "product_health.purchasehistory", "pk": 10, "fields": {"name": 3}}, {"model": "reviews.review", "pk": 1, "fields": {"title": "Looks great on the table", "body": "The bottle is great for putting water in and storing in the fridge. It is a nice piece to put on the center of the table also.", "product": 2, "user": 4, "created": "2021-09-09", "updated": "2021-09-09", "rating": 5}}, {"model": "reviews.review", "pk": 3, "fields": {"title": "Really nice", "body": "bought again and again", "product": 1, "user": 4, "created": "2021-09-09", "updated": "2021-09-09", "rating": 3}}, {"model": "reviews.review", "pk": 4, "fields": {"title": "Really nice glass", "body": "Quite heavy", "product": 3, "user": 4, "created": "2021-09-09", "updated": "2021-09-09", "rating": 5}}, {"model": "reviews.review", "pk": 6, "fields": {"title": "Really warm", "body": "It was great, we've been using it as a throw in the sitting room and its very warm and the fur is great quality. Soft and seems to be hard wearing too.", "product": 3, "user": 4, "created": "2021-09-11", "updated": "2021-09-11", "rating": 5}}]